{
  "mean": [
    0.18654859066009521,
    0.18655261397361755,
    0.18659797310829163
  ],
  "std": [
    0.19559581577777863,
    0.19559480249881744,
    0.1956312358379364
  ]
}