{
  "grid": [
    [
      0.0001,
      1e-05,
      0.0
    ],
    [
      0.0001,
      1e-05,
      0.25
    ],
    [
      0.0001,
      1e-05,
      0.5
    ],
    [
      0.0001,
      0.00031622776601683794,
      0.0
    ],
    [
      0.0001,
      0.00031622776601683794,
      0.25
    ],
    [
      0.0001,
      0.00031622776601683794,
      0.5
    ],
    [
      0.0001,
      0.01,
      0.0
    ],
    [
      0.0001,
      0.01,
      0.25
    ],
    [
      0.0001,
      0.01,
      0.5
    ],
    [
      0.001,
      1e-05,
      0.0
    ],
    [
      0.001,
      1e-05,
      0.25
    ],
    [
      0.001,
      1e-05,
      0.5
    ],
    [
      0.001,
      0.00031622776601683794,
      0.0
    ],
    [
      0.001,
      0.00031622776601683794,
      0.25
    ],
    [
      0.001,
      0.00031622776601683794,
      0.5
    ],
    [
      0.001,
      0.01,
      0.0
    ],
    [
      0.001,
      0.01,
      0.25
    ],
    [
      0.001,
      0.01,
      0.5
    ],
    [
      0.01,
      1e-05,
      0.0
    ],
    [
      0.01,
      1e-05,
      0.25
    ],
    [
      0.01,
      1e-05,
      0.5
    ],
    [
      0.01,
      0.00031622776601683794,
      0.0
    ],
    [
      0.01,
      0.00031622776601683794,
      0.25
    ],
    [
      0.01,
      0.00031622776601683794,
      0.5
    ],
    [
      0.01,
      0.01,
      0.0
    ],
    [
      0.01,
      0.01,
      0.25
    ],
    [
      0.01,
      0.01,
      0.5
    ],
    [
      0.1,
      1e-05,
      0.0
    ],
    [
      0.1,
      1e-05,
      0.25
    ],
    [
      0.1,
      1e-05,
      0.5
    ],
    [
      0.1,
      0.00031622776601683794,
      0.0
    ],
    [
      0.1,
      0.00031622776601683794,
      0.25
    ],
    [
      0.1,
      0.00031622776601683794,
      0.5
    ],
    [
      0.1,
      0.01,
      0.0
    ],
    [
      0.1,
      0.01,
      0.25
    ],
    [
      0.1,
      0.01,
      0.5
    ]
  ],
  "results": [
    {
      "params": [
        0.0001,
        1e-05,
        0.0
      ],
      "mean_val_loss": 0.5123024520609114,
      "trial": 1
    },
    {
      "params": [
        0.0001,
        1e-05,
        0.25
      ],
      "mean_val_loss": 0.5943685967392391,
      "trial": 2
    },
    {
      "params": [
        0.0001,
        1e-05,
        0.5
      ],
      "mean_val_loss": 0.5998305920759837,
      "trial": 3
    },
    {
      "params": [
        0.0001,
        0.00031622776601683794,
        0.0
      ],
      "mean_val_loss": 0.5175167997678122,
      "trial": 4
    },
    {
      "params": [
        0.0001,
        0.00031622776601683794,
        0.25
      ],
      "mean_val_loss": 0.5291049383746254,
      "trial": 5
    },
    {
      "params": [
        0.0001,
        0.00031622776601683794,
        0.5
      ],
      "mean_val_loss": 0.5815200040075513,
      "trial": 6
    },
    {
      "params": [
        0.0001,
        0.01,
        0.0
      ],
      "mean_val_loss": 0.5001945630709331,
      "trial": 7
    },
    {
      "params": [
        0.0001,
        0.01,
        0.25
      ],
      "mean_val_loss": 0.5906986260414123,
      "trial": 8
    },
    {
      "params": [
        0.0001,
        0.01,
        0.5
      ],
      "mean_val_loss": 0.6017407018608517,
      "trial": 9
    },
    {
      "params": [
        0.001,
        1e-05,
        0.0
      ],
      "mean_val_loss": 0.505496212111579,
      "trial": 10
    },
    {
      "params": [
        0.001,
        1e-05,
        0.25
      ],
      "mean_val_loss": 0.4848648766014311,
      "trial": 11
    },
    {
      "params": [
        0.001,
        1e-05,
        0.5
      ],
      "mean_val_loss": 0.5344450820816888,
      "trial": 12
    },
    {
      "params": [
        0.001,
        0.00031622776601683794,
        0.0
      ],
      "mean_val_loss": 0.39338775555292765,
      "trial": 13
    },
    {
      "params": [
        0.001,
        0.00031622776601683794,
        0.25
      ],
      "mean_val_loss": 0.5095557024743822,
      "trial": 14
    },
    {
      "params": [
        0.001,
        0.00031622776601683794,
        0.5
      ],
      "mean_val_loss": 0.5367046093940734,
      "trial": 15
    },
    {
      "params": [
        0.001,
        0.01,
        0.0
      ],
      "mean_val_loss": 0.43013095898760684,
      "trial": 16
    },
    {
      "params": [
        0.001,
        0.01,
        0.25
      ],
      "mean_val_loss": 0.5990403212441339,
      "trial": 17
    },
    {
      "params": [
        0.001,
        0.01,
        0.5
      ],
      "mean_val_loss": 0.6673466479778289,
      "trial": 18
    },
    {
      "params": [
        0.01,
        1e-05,
        0.0
      ],
      "mean_val_loss": 0.4993725735114681,
      "trial": 19
    },
    {
      "params": [
        0.01,
        1e-05,
        0.25
      ],
      "mean_val_loss": 0.32823634809917873,
      "trial": 20
    },
    {
      "params": [
        0.01,
        1e-05,
        0.5
      ],
      "mean_val_loss": 0.379287290473779,
      "trial": 21
    },
    {
      "params": [
        0.01,
        0.00031622776601683794,
        0.0
      ],
      "mean_val_loss": 0.36948284183939295,
      "trial": 22
    },
    {
      "params": [
        0.01,
        0.00031622776601683794,
        0.25
      ],
      "mean_val_loss": 0.33704526439309124,
      "trial": 23
    },
    {
      "params": [
        0.01,
        0.00031622776601683794,
        0.5
      ],
      "mean_val_loss": 0.46192842457029554,
      "trial": 24
    },
    {
      "params": [
        0.01,
        0.01,
        0.0
      ],
      "mean_val_loss": 0.43542138497034716,
      "trial": 25
    },
    {
      "params": [
        0.01,
        0.01,
        0.25
      ],
      "mean_val_loss": 0.45270424683888755,
      "trial": 26
    },
    {
      "params": [
        0.01,
        0.01,
        0.5
      ],
      "mean_val_loss": 0.42141850080755017,
      "trial": 27
    },
    {
      "params": [
        0.1,
        1e-05,
        0.0
      ],
      "mean_val_loss": 0.5139264980289671,
      "trial": 28
    },
    {
      "params": [
        0.1,
        1e-05,
        0.25
      ],
      "mean_val_loss": 0.46772960305213934,
      "trial": 29
    },
    {
      "params": [
        0.1,
        1e-05,
        0.5
      ],
      "mean_val_loss": 0.7143636590242387,
      "trial": 30
    },
    {
      "params": [
        0.1,
        0.00031622776601683794,
        0.0
      ],
      "mean_val_loss": 0.5384693991475635,
      "trial": 31
    },
    {
      "params": [
        0.1,
        0.00031622776601683794,
        0.25
      ],
      "mean_val_loss": 0.5934154066774581,
      "trial": 32
    },
    {
      "params": [
        0.1,
        0.00031622776601683794,
        0.5
      ],
      "mean_val_loss": 0.684469309118059,
      "trial": 33
    },
    {
      "params": [
        0.1,
        0.01,
        0.0
      ],
      "mean_val_loss": 0.8545094740390778,
      "trial": 34
    },
    {
      "params": [
        0.1,
        0.01,
        0.25
      ],
      "mean_val_loss": 0.9267593097686767,
      "trial": 35
    },
    {
      "params": [
        0.1,
        0.01,
        0.5
      ],
      "mean_val_loss": 0.9437874701288012,
      "trial": 36
    }
  ]
}